{
  "bomFormat" : "CycloneDX",
  "specVersion" : "1.6",
  "version" : 1,
  "metadata" : {
    "timestamp" : "2025-11-05T07:05:38Z",
    "authors" : [ {
      "name" : "Silicon Laboratories, Inc."
    } ],
    "properties" : [ {
      "name" : "Silicon Labs Disclaimer",
      "value" : "TERMS OF USE - SILICON LABORATORIES INC.\n(With respect to Silicon Labs software components, this Software Bill of Materials (SBOM) is based upon Silicon Labs'\nreview and analysis of the code version when released.  It is provided \"AS IS\" and does not modify, change or alter\nthe terms or conditions of your use of Silicon Labs' software and/or SDKs based upon license terms and/or agreements\nassociated with this software or SDKs when distributed to you, received by you, or installed by you.  Further, no\nwarranties or obligations are created by this SBOM.  It is your obligation to comply with the terms of licenses\nreferenced in this SBOM.)"
    } ]
  },
  "components" : [ {
    "scope" : "required",
    "type" : "library",
    "bom-ref" : "wiseconnect3_sdk:3.4.2",
    "name" : "WiSeConnect 3 SDK",
    "version" : "3.4.2",
    "components" : [ {
      "scope" : "required",
      "type" : "library",
      "bom-ref" : "wiseconnect3_sdk:3.4.2:SIWG917M111MGTBA",
      "name" : "SIWG917M111MGTBA",
      "version" : "3.4.2",
      "licenses" : [ {
        "expression" : "MSLA"
      } ]
    }, {
      "scope" : "required",
      "type" : "library",
      "bom-ref" : "wiseconnect3_sdk:3.4.2:brd2605a",
      "name" : "BRD2605A",
      "version" : "3.4.2",
      "licenses" : [ {
        "expression" : "Zlib"
      } ]
    }, {
      "scope" : "required",
      "type" : "library",
      "bom-ref" : "wiseconnect3_sdk:3.4.2:si91x_memory_default_config",
      "name" : "Default RAM Memory Configuration",
      "version" : "3.4.2",
      "licenses" : [ {
        "expression" : "Zlib"
      } ]
    }, {
      "scope" : "required",
      "type" : "library",
      "bom-ref" : "wiseconnect3_sdk:3.4.2:sl_icm40627",
      "name" : "ICM40627 6-axis Inertial Sensor (IMU)",
      "version" : "3.4.2",
      "licenses" : [ {
        "expression" : "Zlib"
      } ]
    }, {
      "scope" : "required",
      "type" : "library",
      "bom-ref" : "wiseconnect3_sdk:3.4.2:sl_ssi",
      "name" : "SSI",
      "version" : "3.4.2",
      "licenses" : [ {
        "expression" : "Zlib"
      } ]
    }, {
      "scope" : "required",
      "type" : "library",
      "bom-ref" : "wiseconnect3_sdk:3.4.2:sl_ssi_instance",
      "name" : "SSI",
      "version" : "3.4.2",
      "licenses" : [ {
        "expression" : "Zlib"
      } ]
    }, {
      "scope" : "required",
      "type" : "library",
      "bom-ref" : "wiseconnect3_sdk:3.4.2:ssi_ulp_component",
      "name" : "PM ULP SSI",
      "version" : "3.4.2",
      "licenses" : [ {
        "expression" : "Zlib"
      } ]
    }, {
      "scope" : "required",
      "type" : "library",
      "bom-ref" : "wiseconnect3_sdk:3.4.2:syscalls",
      "name" : "System Calls",
      "version" : "3.4.2",
      "licenses" : [ {
        "expression" : "MSLA"
      } ]
    }, {
      "scope" : "required",
      "type" : "library",
      "bom-ref" : "wiseconnect3_sdk:3.4.2:rsilib_opamp",
      "name" : "OPAMP",
      "version" : "3.4.2",
      "licenses" : [ {
        "expression" : "Zlib"
      } ]
    }, {
      "scope" : "required",
      "type" : "library",
      "bom-ref" : "wiseconnect3_sdk:3.4.2:wiseconnect_toolchain_gcc_standard",
      "name" : "GCC Toolchain Standard Linker",
      "version" : "3.4.2",
      "licenses" : [ {
        "expression" : "Zlib"
      } ]
    }, {
      "scope" : "required",
      "type" : "library",
      "bom-ref" : "wiseconnect3_sdk:3.4.2:rsilib_egpio",
      "name" : "EGPIO",
      "version" : "3.4.2",
      "licenses" : [ {
        "expression" : "Zlib"
      } ]
    }, {
      "scope" : "required",
      "type" : "library",
      "bom-ref" : "wiseconnect3_sdk:3.4.2:cmsis_usart",
      "name" : "CMSIS USART",
      "version" : "3.4.2",
      "licenses" : [ {
        "expression" : "Apache-2.0 AND Zlib"
      } ]
    }, {
      "scope" : "required",
      "type" : "library",
      "bom-ref" : "wiseconnect3_sdk:3.4.2:systemlevel_headers",
      "name" : "System-Level API Headers",
      "version" : "3.4.2",
      "licenses" : [ {
        "expression" : "Zlib"
      } ]
    }, {
      "scope" : "required",
      "type" : "library",
      "bom-ref" : "wiseconnect3_sdk:3.4.2:rsilib_spi",
      "name" : "SPI",
      "version" : "3.4.2",
      "licenses" : [ {
        "expression" : "Zlib"
      } ]
    }, {
      "scope" : "required",
      "type" : "library",
      "bom-ref" : "wiseconnect3_sdk:3.4.2:cmsis_driver_headers",
      "name" : "CMSIS Driver Header Files",
      "version" : "3.4.2",
      "licenses" : [ {
        "expression" : "Apache-2.0"
      } ]
    }, {
      "scope" : "required",
      "type" : "library",
      "bom-ref" : "wiseconnect3_sdk:3.4.2:wiseconnect_toolchain_plugin",
      "name" : "GCC Toolchain Support",
      "version" : "3.4.2",
      "licenses" : [ {
        "expression" : "Zlib"
      } ]
    }, {
      "scope" : "required",
      "type" : "library",
      "bom-ref" : "wiseconnect3_sdk:3.4.2:rsilib_aux_reference_volt_config",
      "name" : "AUX REFERENCE VOLT",
      "version" : "3.4.2",
      "licenses" : [ {
        "expression" : "Zlib"
      } ]
    }, {
      "scope" : "required",
      "type" : "library",
      "bom-ref" : "wiseconnect3_sdk:3.4.2:sl_si91x_mcu",
      "name" : "Si91x MCU Subsystem",
      "version" : "3.4.2",
      "licenses" : [ {
        "expression" : "MSLA"
      } ]
    }, {
      "scope" : "required",
      "type" : "library",
      "bom-ref" : "wiseconnect3_sdk:3.4.2:systemlevel_time_period",
      "name" : "TIME PERIOD",
      "version" : "3.4.2",
      "licenses" : [ {
        "expression" : "Zlib"
      } ]
    }, {
      "scope" : "required",
      "type" : "library",
      "bom-ref" : "wiseconnect3_sdk:3.4.2:external_psram_8mb",
      "name" : "8MB PSRAM (External)",
      "version" : "3.4.2",
      "licenses" : [ {
        "expression" : "Zlib"
      } ]
    }, {
      "scope" : "required",
      "type" : "library",
      "bom-ref" : "wiseconnect3_sdk:3.4.2:sl_clock_manager",
      "name" : "Clock Manager",
      "version" : "3.4.2",
      "licenses" : [ {
        "expression" : "Zlib"
      } ]
    }, {
      "scope" : "required",
      "type" : "library",
      "bom-ref" : "wiseconnect3_sdk:3.4.2:rsilib_usart",
      "name" : "USART",
      "version" : "3.4.2",
      "licenses" : [ {
        "expression" : "Zlib"
      } ]
    }, {
      "scope" : "required",
      "type" : "library",
      "bom-ref" : "wiseconnect3_sdk:3.4.2:romdriver_udma_wrapper",
      "name" : "ROM DRIVER UDMA WRAPPER",
      "version" : "3.4.2",
      "licenses" : [ {
        "expression" : "Zlib"
      } ]
    }, {
      "scope" : "required",
      "type" : "library",
      "bom-ref" : "wiseconnect3_sdk:3.4.2:freertos_config",
      "name" : "SL SI91X FreeRTOS Configuration",
      "version" : "3.4.2",
      "licenses" : [ {
        "expression" : "MIT"
      } ]
    }, {
      "scope" : "required",
      "type" : "library",
      "bom-ref" : "wiseconnect3_sdk:3.4.2:romdriver_packing",
      "name" : "ROM DRIVER PACKING",
      "version" : "3.4.2",
      "licenses" : [ {
        "expression" : "Zlib"
      } ]
    }, {
      "scope" : "required",
      "type" : "library",
      "bom-ref" : "wiseconnect3_sdk:3.4.2:romdriver_clks",
      "name" : "ROM DRIVER CLOCK",
      "version" : "3.4.2",
      "licenses" : [ {
        "expression" : "Zlib"
      } ]
    }, {
      "scope" : "required",
      "type" : "library",
      "bom-ref" : "wiseconnect3_sdk:3.4.2:systemlevel_bod",
      "name" : "BOD",
      "version" : "3.4.2",
      "licenses" : [ {
        "expression" : "Zlib"
      } ]
    }, {
      "scope" : "required",
      "type" : "library",
      "bom-ref" : "wiseconnect3_sdk:3.4.2:cmsis_udma",
      "name" : "CMSIS UDMA",
      "version" : "3.4.2",
      "licenses" : [ {
        "expression" : "MSLA AND Zlib"
      } ]
    }, {
      "scope" : "required",
      "type" : "library",
      "bom-ref" : "wiseconnect3_sdk:3.4.2:cmsis_common_driver",
      "name" : "CMSIS COMMON DRIVER",
      "version" : "3.4.2",
      "licenses" : [ {
        "expression" : "Zlib"
      } ]
    }, {
      "scope" : "required",
      "type" : "library",
      "bom-ref" : "wiseconnect3_sdk:3.4.2:rsilib_udma",
      "name" : "UDMA",
      "version" : "3.4.2",
      "licenses" : [ {
        "expression" : "Zlib"
      } ]
    }, {
      "scope" : "required",
      "type" : "library",
      "bom-ref" : "wiseconnect3_sdk:3.4.2:sl_gpio_peripheral",
      "name" : "SL GPIO Peripheral",
      "version" : "3.4.2",
      "licenses" : [ {
        "expression" : "Zlib"
      } ]
    }, {
      "scope" : "required",
      "type" : "library",
      "bom-ref" : "wiseconnect3_sdk:3.4.2:romdriver_udma",
      "name" : "ROM DRIVER UDMA",
      "version" : "3.4.2",
      "licenses" : [ {
        "expression" : "Zlib"
      } ]
    }, {
      "scope" : "required",
      "type" : "library",
      "bom-ref" : "wiseconnect3_sdk:3.4.2:rsilib_dac",
      "name" : "DAC",
      "version" : "3.4.2",
      "licenses" : [ {
        "expression" : "Zlib"
      } ]
    }, {
      "scope" : "required",
      "type" : "library",
      "bom-ref" : "wiseconnect3_sdk:3.4.2:opn_config",
      "name" : "opn config",
      "version" : "3.4.2",
      "licenses" : [ {
        "expression" : "Zlib"
      } ]
    }, {
      "scope" : "required",
      "type" : "library",
      "bom-ref" : "wiseconnect3_sdk:3.4.2:systemlevel_ulpss_clk",
      "name" : "ULPSS CLOCK",
      "version" : "3.4.2",
      "licenses" : [ {
        "expression" : "Zlib"
      } ]
    }, {
      "scope" : "required",
      "type" : "library",
      "bom-ref" : "wiseconnect3_sdk:3.4.2:rsilib_adc",
      "name" : "ADC",
      "version" : "3.4.2",
      "licenses" : [ {
        "expression" : "Zlib"
      } ]
    }, {
      "scope" : "required",
      "type" : "library",
      "bom-ref" : "wiseconnect3_sdk:3.4.2:romdriver_romtable",
      "name" : "ROM TABLE",
      "version" : "3.4.2",
      "licenses" : [ {
        "expression" : "Zlib"
      } ]
    }, {
      "scope" : "required",
      "type" : "library",
      "bom-ref" : "wiseconnect3_sdk:3.4.2:systemlevel_reg_spi",
      "name" : "REG SPI",
      "version" : "3.4.2",
      "licenses" : [ {
        "expression" : "Zlib"
      } ]
    }, {
      "scope" : "required",
      "type" : "library",
      "bom-ref" : "wiseconnect3_sdk:3.4.2:romdriver_romtable_headers",
      "name" : "ROM Table Header",
      "version" : "3.4.2",
      "licenses" : [ {
        "expression" : "Zlib"
      } ]
    }, {
      "scope" : "required",
      "type" : "library",
      "bom-ref" : "wiseconnect3_sdk:3.4.2:romdriver_crc",
      "name" : "ROM DRIVER CRC",
      "version" : "3.4.2",
      "licenses" : [ {
        "expression" : "Zlib"
      } ]
    }, {
      "scope" : "required",
      "type" : "library",
      "bom-ref" : "wiseconnect3_sdk:3.4.2:rsilib_headers",
      "name" : "RSI Peripheral Headers",
      "version" : "3.4.2",
      "licenses" : [ {
        "expression" : "Zlib"
      } ]
    }, {
      "scope" : "required",
      "type" : "library",
      "bom-ref" : "wiseconnect3_sdk:3.4.2:external_flash_none",
      "name" : "No External Flash",
      "version" : "3.4.2",
      "licenses" : [ {
        "expression" : "Zlib"
      } ]
    }, {
      "scope" : "required",
      "type" : "library",
      "bom-ref" : "wiseconnect3_sdk:3.4.2:sl_dma",
      "name" : "DMA",
      "version" : "3.4.2",
      "licenses" : [ {
        "expression" : "Zlib"
      } ]
    }, {
      "scope" : "required",
      "type" : "library",
      "bom-ref" : "wiseconnect3_sdk:3.4.2:si91x_mem_config_1",
      "name" : "MEMORY_MCU_BASIC_WIRELESS_ADVANCED",
      "version" : "3.4.2",
      "licenses" : [ {
        "expression" : "Zlib"
      } ]
    }, {
      "scope" : "required",
      "type" : "library",
      "bom-ref" : "wiseconnect3_sdk:3.4.2:rsilib_userconfig",
      "name" : "RSI User Configuration",
      "version" : "3.4.2",
      "licenses" : [ {
        "expression" : "MSLA"
      } ]
    }, {
      "scope" : "required",
      "type" : "library",
      "bom-ref" : "wiseconnect3_sdk:3.4.2:cmsis_spi",
      "name" : "CMSIS SPI",
      "version" : "3.4.2",
      "licenses" : [ {
        "expression" : "Apache-2.0"
      } ]
    }, {
      "scope" : "required",
      "type" : "library",
      "bom-ref" : "wiseconnect3_sdk:3.4.2:sl_bjt_temperature_sensor",
      "name" : "BJT Temperature Sensor",
      "version" : "3.4.2",
      "licenses" : [ {
        "expression" : "Zlib"
      } ]
    }, {
      "scope" : "required",
      "type" : "library",
      "bom-ref" : "wiseconnect3_sdk:3.4.2:cmsis_peripheral_headers",
      "name" : "CMSIS Peripheral Header Files",
      "version" : "3.4.2",
      "licenses" : [ {
        "expression" : "MSLA AND Apache-2.0"
      } ]
    }, {
      "scope" : "required",
      "type" : "library",
      "bom-ref" : "wiseconnect3_sdk:3.4.2:sl_gpio",
      "name" : "GPIO",
      "version" : "3.4.2",
      "licenses" : [ {
        "expression" : "Zlib"
      } ]
    }, {
      "scope" : "required",
      "type" : "library",
      "bom-ref" : "wiseconnect3_sdk:3.4.2:systemlevel_rtc",
      "name" : "RTC",
      "version" : "3.4.2",
      "licenses" : [ {
        "expression" : "Zlib"
      } ]
    }, {
      "scope" : "required",
      "type" : "library",
      "bom-ref" : "wiseconnect3_sdk:3.4.2:systemlevel_ipmu",
      "name" : "IPMU",
      "version" : "3.4.2",
      "licenses" : [ {
        "expression" : "Zlib"
      } ]
    }, {
      "scope" : "required",
      "type" : "library",
      "bom-ref" : "wiseconnect3_sdk:3.4.2:udma_linker_config",
      "name" : "UDMA Linker Configuration",
      "version" : "3.4.2",
      "licenses" : [ {
        "expression" : "Zlib"
      } ]
    }, {
      "scope" : "required",
      "type" : "library",
      "bom-ref" : "wiseconnect3_sdk:3.4.2:board_configuration_headers",
      "name" : "Board Configuration Header Files",
      "version" : "3.4.2",
      "licenses" : [ {
        "expression" : "Zlib"
      } ]
    }, {
      "scope" : "required",
      "type" : "library",
      "bom-ref" : "wiseconnect3_sdk:3.4.2:sl_adc",
      "name" : "ADC",
      "version" : "3.4.2",
      "licenses" : [ {
        "expression" : "Zlib"
      } ]
    }, {
      "scope" : "required",
      "type" : "library",
      "bom-ref" : "wiseconnect3_sdk:3.4.2:romdriver_egpio",
      "name" : "ROM DRIVER EGPIO",
      "version" : "3.4.2",
      "licenses" : [ {
        "expression" : "Zlib"
      } ]
    }, {
      "scope" : "required",
      "type" : "library",
      "bom-ref" : "wiseconnect3_sdk:3.4.2:systemlevel_temp_sensor",
      "name" : "TEMPERATURE SENSOR",
      "version" : "3.4.2",
      "licenses" : [ {
        "expression" : "Zlib"
      } ]
    }, {
      "scope" : "required",
      "type" : "library",
      "bom-ref" : "wiseconnect3_sdk:3.4.2:si91x_device_init_nvic",
      "name" : "NVIC Interrupt Priorities Configuration for FreeRTOS",
      "version" : "3.4.2",
      "licenses" : [ {
        "expression" : "MSLA"
      } ]
    }, {
      "scope" : "required",
      "type" : "library",
      "bom-ref" : "wiseconnect3_sdk:3.4.2:systemlevel_pll",
      "name" : "PLL",
      "version" : "3.4.2",
      "licenses" : [ {
        "expression" : "Zlib"
      } ]
    }, {
      "scope" : "required",
      "type" : "library",
      "bom-ref" : "wiseconnect3_sdk:3.4.2:rsilib_board",
      "name" : "Si91x SoC Board Configurations",
      "version" : "3.4.2",
      "licenses" : [ {
        "expression" : "MSLA AND Zlib"
      } ]
    }, {
      "scope" : "required",
      "type" : "library",
      "bom-ref" : "wiseconnect3_sdk:3.4.2:brd2605a_config",
      "name" : "brd2605a config",
      "version" : "3.4.2",
      "licenses" : [ {
        "expression" : "Zlib"
      } ]
    }, {
      "scope" : "required",
      "type" : "library",
      "bom-ref" : "wiseconnect3_sdk:3.4.2:rsilib_clock_update",
      "name" : "CLOCK UPDATE",
      "version" : "3.4.2",
      "licenses" : [ {
        "expression" : "Zlib"
      } ]
    }, {
      "scope" : "required",
      "type" : "library",
      "bom-ref" : "wiseconnect3_sdk:3.4.2:si91x_debug",
      "name" : "Debug Unit",
      "version" : "3.4.2",
      "licenses" : [ {
        "expression" : "Zlib"
      } ]
    }, {
      "scope" : "required",
      "type" : "library",
      "bom-ref" : "wiseconnect3_sdk:3.4.2:si91x_common_flash",
      "name" : "Common Flash Component",
      "version" : "3.4.2",
      "licenses" : [ {
        "expression" : "Zlib"
      } ]
    }, {
      "scope" : "required",
      "type" : "library",
      "bom-ref" : "wiseconnect3_sdk:3.4.2:rsilib_chip",
      "name" : "Core",
      "version" : "3.4.2",
      "licenses" : [ {
        "expression" : "Zlib"
      } ]
    }, {
      "scope" : "required",
      "type" : "library",
      "bom-ref" : "wiseconnect3_sdk:3.4.2:rsilib_sysrtc",
      "name" : "SYSRTC",
      "version" : "3.4.2",
      "licenses" : [ {
        "expression" : "Zlib"
      } ]
    }, {
      "scope" : "required",
      "type" : "library",
      "bom-ref" : "wiseconnect3_sdk:3.4.2:rsilib_udma_wrapper",
      "name" : "UDMA WRAPPER",
      "version" : "3.4.2",
      "licenses" : [ {
        "expression" : "Zlib"
      } ]
    }, {
      "scope" : "required",
      "type" : "library",
      "bom-ref" : "wiseconnect3_sdk:3.4.2:si91x_stack_size_configuration",
      "name" : "SiW91x Stack Size Configuration",
      "version" : "3.4.2",
      "licenses" : [ {
        "expression" : "Zlib"
      } ]
    }, {
      "scope" : "required",
      "type" : "library",
      "bom-ref" : "wiseconnect3_sdk:3.4.2:cmsis_usart_driver",
      "name" : "CMSIS USART DRIVER",
      "version" : "3.4.2",
      "licenses" : [ {
        "expression" : "Zlib"
      } ]
    }, {
      "scope" : "required",
      "type" : "library",
      "bom-ref" : "wiseconnect3_sdk:3.4.2:sleeptimer_si91x",
      "name" : "Sleep Timer for Si91x",
      "version" : "3.4.2",
      "licenses" : [ {
        "expression" : "Zlib"
      } ]
    }, {
      "scope" : "required",
      "type" : "library",
      "bom-ref" : "wiseconnect3_sdk:3.4.2:romdriver_ulpss",
      "name" : "ROM DRIVER ULPSS",
      "version" : "3.4.2",
      "licenses" : [ {
        "expression" : "Zlib"
      } ]
    }, {
      "scope" : "required",
      "type" : "library",
      "bom-ref" : "wiseconnect3_sdk:3.4.2:rsilib_crc",
      "name" : "CRC",
      "version" : "3.4.2",
      "licenses" : [ {
        "expression" : "Zlib"
      } ]
    } ]
  }, {
    "scope" : "required",
    "type" : "library",
    "bom-ref" : "simplicity_sdk:2024.12.2",
    "name" : "Simplicity SDK Suite",
    "version" : "2024.12.2",
    "supplier" : {
      "name" : "Silicon Laboratories, Inc."
    },
    "components" : [ {
      "scope" : "required",
      "type" : "library",
      "bom-ref" : "simplicity_sdk:2024.12.2:sl_system",
      "name" : "System Setup",
      "version" : "2024.12.2",
      "supplier" : {
        "name" : "Silicon Laboratories, Inc."
      },
      "licenses" : [ {
        "expression" : "Zlib"
      } ]
    }, {
      "scope" : "required",
      "type" : "library",
      "bom-ref" : "simplicity_sdk:2024.12.2:sleeptimer",
      "name" : "Sleep Timer",
      "version" : "2024.12.2",
      "supplier" : {
        "name" : "Silicon Laboratories, Inc."
      },
      "licenses" : [ {
        "expression" : "Zlib"
      } ]
    }, {
      "scope" : "required",
      "type" : "library",
      "bom-ref" : "simplicity_sdk:2024.12.2:event_handler",
      "name" : "Event Handler",
      "version" : "2024.12.2",
      "supplier" : {
        "name" : "Silicon Laboratories, Inc."
      },
      "licenses" : [ {
        "expression" : "Zlib"
      } ]
    }, {
      "scope" : "required",
      "type" : "library",
      "bom-ref" : "simplicity_sdk:2024.12.2:atomic",
      "name" : "Atomic Operations Library",
      "version" : "2024.12.2",
      "supplier" : {
        "name" : "Silicon Laboratories, Inc."
      },
      "licenses" : [ {
        "expression" : "Zlib"
      } ]
    }, {
      "scope" : "required",
      "type" : "library",
      "bom-ref" : "simplicity_sdk:2024.12.2:code_classification",
      "name" : "Code Classification",
      "version" : "2024.12.2",
      "supplier" : {
        "name" : "Silicon Laboratories, Inc."
      },
      "licenses" : [ {
        "expression" : "Zlib"
      } ]
    }, {
      "scope" : "required",
      "type" : "library",
      "bom-ref" : "simplicity_sdk:2024.12.2:status",
      "name" : "Status Codes Definitions",
      "version" : "2024.12.2",
      "supplier" : {
        "name" : "Silicon Laboratories, Inc."
      },
      "licenses" : [ {
        "expression" : "Zlib"
      } ]
    }, {
      "scope" : "required",
      "type" : "library",
      "bom-ref" : "simplicity_sdk:2024.12.2:sl_system_process_action",
      "name" : "System Process Action",
      "version" : "2024.12.2",
      "supplier" : {
        "name" : "Silicon Laboratories, Inc."
      },
      "licenses" : [ {
        "expression" : "Zlib"
      } ]
    }, {
      "scope" : "required",
      "type" : "library",
      "bom-ref" : "simplicity_sdk:2024.12.2:toolchain_variant_arm",
      "name" : "Toolchain for ARM",
      "version" : "2024.12.2",
      "supplier" : {
        "name" : "Silicon Laboratories, Inc."
      },
      "licenses" : [ {
        "expression" : "Zlib"
      } ]
    }, {
      "scope" : "required",
      "type" : "library",
      "bom-ref" : "simplicity_sdk:2024.12.2:sl_assert",
      "name" : "Assert Functions",
      "version" : "2024.12.2",
      "supplier" : {
        "name" : "Silicon Laboratories, Inc."
      },
      "licenses" : [ {
        "expression" : "Zlib"
      } ]
    }, {
      "scope" : "required",
      "type" : "library",
      "bom-ref" : "simplicity_sdk:2024.12.2:component_catalog",
      "name" : "Component Catalog",
      "version" : "2024.12.2",
      "supplier" : {
        "name" : "Silicon Laboratories, Inc."
      },
      "licenses" : [ {
        "expression" : "Zlib"
      } ]
    }, {
      "scope" : "required",
      "type" : "library",
      "bom-ref" : "simplicity_sdk:2024.12.2:sl_core",
      "name" : "core",
      "version" : "2024.12.2",
      "supplier" : {
        "name" : "Silicon Laboratories, Inc."
      },
      "licenses" : [ {
        "expression" : "Zlib"
      } ]
    }, {
      "scope" : "required",
      "type" : "library",
      "bom-ref" : "simplicity_sdk:2024.12.2:cmsis_core",
      "name" : "CMSIS-Core",
      "version" : "2024.12.2",
      "supplier" : {
        "name" : "Silicon Laboratories, Inc."
      },
      "licenses" : [ {
        "expression" : "Apache 2.0"
      } ],
      "pedigree" : {
        "ancestors" : [ {
          "scope" : "required",
          "type" : "library",
          "bom-ref" : "cmsis_core:5.8.0",
          "name" : "CMSIS_5",
          "version" : "5.8.0",
          "supplier" : {
            "name" : "ARM-software"
          },
          "externalReferences" : [ {
            "type" : "website",
            "url" : "https://github.com/ARM-software/CMSIS_5"
          } ],
          "purl" : "pkg:github/ARM-software/CMSIS_5@5.8.0",
          "pedigree" : {
            "notes" : "The CMSIS is a set of tools, APIs, frameworks, and work flows"
          }
        } ]
      }
    }, {
      "scope" : "required",
      "type" : "library",
      "bom-ref" : "simplicity_sdk:2024.12.2:sl_system_init",
      "name" : "System Init",
      "version" : "2024.12.2",
      "supplier" : {
        "name" : "Silicon Laboratories, Inc."
      },
      "licenses" : [ {
        "expression" : "Zlib"
      } ]
    }, {
      "scope" : "required",
      "type" : "library",
      "bom-ref" : "simplicity_sdk:2024.12.2:sl_common",
      "name" : "Common Functions",
      "version" : "2024.12.2",
      "supplier" : {
        "name" : "Silicon Laboratories, Inc."
      },
      "licenses" : [ {
        "expression" : "Zlib"
      } ]
    } ]
  } ]
}