{
  "SPDXID" : "SPDXRef-DOCUMENT",
  "spdxVersion" : "SPDX-2.3",
  "dataLicense" : "CC0-1.0",
  "name" : "Silicon-Laboratories",
  "documentNamespace" : "https://silabs.com",
  "creationInfo" : {
    "created" : "2025-11-05T07:05:38Z",
    "creators" : [ "Tool: Silicon Labs Configuration Tooling" ]
  },
  "comment" : "TERMS OF USE - SILICON LABORATORIES INC.\n(With respect to Silicon Labs software components, this Software Bill of Materials (SBOM) is based upon Silicon Labs'\nreview and analysis of the code version when released.  It is provided \"AS IS\" and does not modify, change or alter\nthe terms or conditions of your use of Silicon Labs' software and/or SDKs based upon license terms and/or agreements\nassociated with this software or SDKs when distributed to you, received by you, or installed by you.  Further, no\nwarranties or obligations are created by this SBOM.  It is your obligation to comply with the terms of licenses\nreferenced in this SBOM.)",
  "documentDescribes" : [ "SPDXRef-wiseconnect3_sdk-3.4.2", "SPDXRef-simplicity_sdk-2024.12.2" ],
  "packages" : [ {
    "SPDXID" : "SPDXRef-wiseconnect3_sdk-3.4.2",
    "name" : "WiSeConnect 3 SDK",
    "versionInfo" : "3.4.2",
    "primaryPackagePurpose" : "LIBRARY",
    "downloadLocation" : "NOASSERTION",
    "supplier" : "Organization: NOASSERTION"
  }, {
    "SPDXID" : "SPDXRef-wiseconnect3_sdk-3.4.2-SIWG917M111MGTBA",
    "name" : "SIWG917M111MGTBA",
    "versionInfo" : "3.4.2",
    "primaryPackagePurpose" : "LIBRARY",
    "downloadLocation" : "NOASSERTION",
    "supplier" : "Organization: NOASSERTION",
    "licenseConcluded" : "MSLA"
  }, {
    "SPDXID" : "SPDXRef-wiseconnect3_sdk-3.4.2-brd2605a",
    "name" : "BRD2605A",
    "versionInfo" : "3.4.2",
    "primaryPackagePurpose" : "LIBRARY",
    "downloadLocation" : "NOASSERTION",
    "supplier" : "Organization: NOASSERTION",
    "licenseConcluded" : "Zlib"
  }, {
    "SPDXID" : "SPDXRef-wiseconnect3_sdk-3.4.2-si91x_memory_default_config",
    "name" : "Default RAM Memory Configuration",
    "versionInfo" : "3.4.2",
    "primaryPackagePurpose" : "LIBRARY",
    "downloadLocation" : "NOASSERTION",
    "supplier" : "Organization: NOASSERTION",
    "licenseConcluded" : "Zlib"
  }, {
    "SPDXID" : "SPDXRef-wiseconnect3_sdk-3.4.2-sl_icm40627",
    "name" : "ICM40627 6-axis Inertial Sensor (IMU)",
    "versionInfo" : "3.4.2",
    "primaryPackagePurpose" : "LIBRARY",
    "downloadLocation" : "NOASSERTION",
    "supplier" : "Organization: NOASSERTION",
    "licenseConcluded" : "Zlib"
  }, {
    "SPDXID" : "SPDXRef-wiseconnect3_sdk-3.4.2-sl_ssi",
    "name" : "SSI",
    "versionInfo" : "3.4.2",
    "primaryPackagePurpose" : "LIBRARY",
    "downloadLocation" : "NOASSERTION",
    "supplier" : "Organization: NOASSERTION",
    "licenseConcluded" : "Zlib"
  }, {
    "SPDXID" : "SPDXRef-wiseconnect3_sdk-3.4.2-sl_ssi_instance",
    "name" : "SSI",
    "versionInfo" : "3.4.2",
    "primaryPackagePurpose" : "LIBRARY",
    "downloadLocation" : "NOASSERTION",
    "supplier" : "Organization: NOASSERTION",
    "licenseConcluded" : "Zlib"
  }, {
    "SPDXID" : "SPDXRef-wiseconnect3_sdk-3.4.2-ssi_ulp_component",
    "name" : "PM ULP SSI",
    "versionInfo" : "3.4.2",
    "primaryPackagePurpose" : "LIBRARY",
    "downloadLocation" : "NOASSERTION",
    "supplier" : "Organization: NOASSERTION",
    "licenseConcluded" : "Zlib"
  }, {
    "SPDXID" : "SPDXRef-wiseconnect3_sdk-3.4.2-syscalls",
    "name" : "System Calls",
    "versionInfo" : "3.4.2",
    "primaryPackagePurpose" : "LIBRARY",
    "downloadLocation" : "NOASSERTION",
    "supplier" : "Organization: NOASSERTION",
    "licenseConcluded" : "MSLA"
  }, {
    "SPDXID" : "SPDXRef-wiseconnect3_sdk-3.4.2-rsilib_opamp",
    "name" : "OPAMP",
    "versionInfo" : "3.4.2",
    "primaryPackagePurpose" : "LIBRARY",
    "downloadLocation" : "NOASSERTION",
    "supplier" : "Organization: NOASSERTION",
    "licenseConcluded" : "Zlib"
  }, {
    "SPDXID" : "SPDXRef-wiseconnect3_sdk-3.4.2-wiseconnect_toolchain_gcc_standard",
    "name" : "GCC Toolchain Standard Linker",
    "versionInfo" : "3.4.2",
    "primaryPackagePurpose" : "LIBRARY",
    "downloadLocation" : "NOASSERTION",
    "supplier" : "Organization: NOASSERTION",
    "licenseConcluded" : "Zlib"
  }, {
    "SPDXID" : "SPDXRef-wiseconnect3_sdk-3.4.2-rsilib_egpio",
    "name" : "EGPIO",
    "versionInfo" : "3.4.2",
    "primaryPackagePurpose" : "LIBRARY",
    "downloadLocation" : "NOASSERTION",
    "supplier" : "Organization: NOASSERTION",
    "licenseConcluded" : "Zlib"
  }, {
    "SPDXID" : "SPDXRef-wiseconnect3_sdk-3.4.2-cmsis_usart",
    "name" : "CMSIS USART",
    "versionInfo" : "3.4.2",
    "primaryPackagePurpose" : "LIBRARY",
    "downloadLocation" : "NOASSERTION",
    "supplier" : "Organization: NOASSERTION",
    "licenseConcluded" : "Apache-2.0 AND Zlib"
  }, {
    "SPDXID" : "SPDXRef-wiseconnect3_sdk-3.4.2-systemlevel_headers",
    "name" : "System-Level API Headers",
    "versionInfo" : "3.4.2",
    "primaryPackagePurpose" : "LIBRARY",
    "downloadLocation" : "NOASSERTION",
    "supplier" : "Organization: NOASSERTION",
    "licenseConcluded" : "Zlib"
  }, {
    "SPDXID" : "SPDXRef-wiseconnect3_sdk-3.4.2-rsilib_spi",
    "name" : "SPI",
    "versionInfo" : "3.4.2",
    "primaryPackagePurpose" : "LIBRARY",
    "downloadLocation" : "NOASSERTION",
    "supplier" : "Organization: NOASSERTION",
    "licenseConcluded" : "Zlib"
  }, {
    "SPDXID" : "SPDXRef-wiseconnect3_sdk-3.4.2-cmsis_driver_headers",
    "name" : "CMSIS Driver Header Files",
    "versionInfo" : "3.4.2",
    "primaryPackagePurpose" : "LIBRARY",
    "downloadLocation" : "NOASSERTION",
    "supplier" : "Organization: NOASSERTION",
    "licenseConcluded" : "Apache-2.0"
  }, {
    "SPDXID" : "SPDXRef-wiseconnect3_sdk-3.4.2-wiseconnect_toolchain_plugin",
    "name" : "GCC Toolchain Support",
    "versionInfo" : "3.4.2",
    "primaryPackagePurpose" : "LIBRARY",
    "downloadLocation" : "NOASSERTION",
    "supplier" : "Organization: NOASSERTION",
    "licenseConcluded" : "Zlib"
  }, {
    "SPDXID" : "SPDXRef-wiseconnect3_sdk-3.4.2-rsilib_aux_reference_volt_config",
    "name" : "AUX REFERENCE VOLT",
    "versionInfo" : "3.4.2",
    "primaryPackagePurpose" : "LIBRARY",
    "downloadLocation" : "NOASSERTION",
    "supplier" : "Organization: NOASSERTION",
    "licenseConcluded" : "Zlib"
  }, {
    "SPDXID" : "SPDXRef-wiseconnect3_sdk-3.4.2-sl_si91x_mcu",
    "name" : "Si91x MCU Subsystem",
    "versionInfo" : "3.4.2",
    "primaryPackagePurpose" : "LIBRARY",
    "downloadLocation" : "NOASSERTION",
    "supplier" : "Organization: NOASSERTION",
    "licenseConcluded" : "MSLA"
  }, {
    "SPDXID" : "SPDXRef-wiseconnect3_sdk-3.4.2-systemlevel_time_period",
    "name" : "TIME PERIOD",
    "versionInfo" : "3.4.2",
    "primaryPackagePurpose" : "LIBRARY",
    "downloadLocation" : "NOASSERTION",
    "supplier" : "Organization: NOASSERTION",
    "licenseConcluded" : "Zlib"
  }, {
    "SPDXID" : "SPDXRef-wiseconnect3_sdk-3.4.2-external_psram_8mb",
    "name" : "8MB PSRAM (External)",
    "versionInfo" : "3.4.2",
    "primaryPackagePurpose" : "LIBRARY",
    "downloadLocation" : "NOASSERTION",
    "supplier" : "Organization: NOASSERTION",
    "licenseConcluded" : "Zlib"
  }, {
    "SPDXID" : "SPDXRef-wiseconnect3_sdk-3.4.2-sl_clock_manager",
    "name" : "Clock Manager",
    "versionInfo" : "3.4.2",
    "primaryPackagePurpose" : "LIBRARY",
    "downloadLocation" : "NOASSERTION",
    "supplier" : "Organization: NOASSERTION",
    "licenseConcluded" : "Zlib"
  }, {
    "SPDXID" : "SPDXRef-wiseconnect3_sdk-3.4.2-rsilib_usart",
    "name" : "USART",
    "versionInfo" : "3.4.2",
    "primaryPackagePurpose" : "LIBRARY",
    "downloadLocation" : "NOASSERTION",
    "supplier" : "Organization: NOASSERTION",
    "licenseConcluded" : "Zlib"
  }, {
    "SPDXID" : "SPDXRef-wiseconnect3_sdk-3.4.2-romdriver_udma_wrapper",
    "name" : "ROM DRIVER UDMA WRAPPER",
    "versionInfo" : "3.4.2",
    "primaryPackagePurpose" : "LIBRARY",
    "downloadLocation" : "NOASSERTION",
    "supplier" : "Organization: NOASSERTION",
    "licenseConcluded" : "Zlib"
  }, {
    "SPDXID" : "SPDXRef-wiseconnect3_sdk-3.4.2-freertos_config",
    "name" : "SL SI91X FreeRTOS Configuration",
    "versionInfo" : "3.4.2",
    "primaryPackagePurpose" : "LIBRARY",
    "downloadLocation" : "NOASSERTION",
    "supplier" : "Organization: NOASSERTION",
    "licenseConcluded" : "MIT"
  }, {
    "SPDXID" : "SPDXRef-wiseconnect3_sdk-3.4.2-romdriver_packing",
    "name" : "ROM DRIVER PACKING",
    "versionInfo" : "3.4.2",
    "primaryPackagePurpose" : "LIBRARY",
    "downloadLocation" : "NOASSERTION",
    "supplier" : "Organization: NOASSERTION",
    "licenseConcluded" : "Zlib"
  }, {
    "SPDXID" : "SPDXRef-wiseconnect3_sdk-3.4.2-romdriver_clks",
    "name" : "ROM DRIVER CLOCK",
    "versionInfo" : "3.4.2",
    "primaryPackagePurpose" : "LIBRARY",
    "downloadLocation" : "NOASSERTION",
    "supplier" : "Organization: NOASSERTION",
    "licenseConcluded" : "Zlib"
  }, {
    "SPDXID" : "SPDXRef-wiseconnect3_sdk-3.4.2-systemlevel_bod",
    "name" : "BOD",
    "versionInfo" : "3.4.2",
    "primaryPackagePurpose" : "LIBRARY",
    "downloadLocation" : "NOASSERTION",
    "supplier" : "Organization: NOASSERTION",
    "licenseConcluded" : "Zlib"
  }, {
    "SPDXID" : "SPDXRef-wiseconnect3_sdk-3.4.2-cmsis_udma",
    "name" : "CMSIS UDMA",
    "versionInfo" : "3.4.2",
    "primaryPackagePurpose" : "LIBRARY",
    "downloadLocation" : "NOASSERTION",
    "supplier" : "Organization: NOASSERTION",
    "licenseConcluded" : "MSLA AND Zlib"
  }, {
    "SPDXID" : "SPDXRef-wiseconnect3_sdk-3.4.2-cmsis_common_driver",
    "name" : "CMSIS COMMON DRIVER",
    "versionInfo" : "3.4.2",
    "primaryPackagePurpose" : "LIBRARY",
    "downloadLocation" : "NOASSERTION",
    "supplier" : "Organization: NOASSERTION",
    "licenseConcluded" : "Zlib"
  }, {
    "SPDXID" : "SPDXRef-wiseconnect3_sdk-3.4.2-rsilib_udma",
    "name" : "UDMA",
    "versionInfo" : "3.4.2",
    "primaryPackagePurpose" : "LIBRARY",
    "downloadLocation" : "NOASSERTION",
    "supplier" : "Organization: NOASSERTION",
    "licenseConcluded" : "Zlib"
  }, {
    "SPDXID" : "SPDXRef-wiseconnect3_sdk-3.4.2-sl_gpio_peripheral",
    "name" : "SL GPIO Peripheral",
    "versionInfo" : "3.4.2",
    "primaryPackagePurpose" : "LIBRARY",
    "downloadLocation" : "NOASSERTION",
    "supplier" : "Organization: NOASSERTION",
    "licenseConcluded" : "Zlib"
  }, {
    "SPDXID" : "SPDXRef-wiseconnect3_sdk-3.4.2-romdriver_udma",
    "name" : "ROM DRIVER UDMA",
    "versionInfo" : "3.4.2",
    "primaryPackagePurpose" : "LIBRARY",
    "downloadLocation" : "NOASSERTION",
    "supplier" : "Organization: NOASSERTION",
    "licenseConcluded" : "Zlib"
  }, {
    "SPDXID" : "SPDXRef-wiseconnect3_sdk-3.4.2-rsilib_dac",
    "name" : "DAC",
    "versionInfo" : "3.4.2",
    "primaryPackagePurpose" : "LIBRARY",
    "downloadLocation" : "NOASSERTION",
    "supplier" : "Organization: NOASSERTION",
    "licenseConcluded" : "Zlib"
  }, {
    "SPDXID" : "SPDXRef-wiseconnect3_sdk-3.4.2-opn_config",
    "name" : "opn config",
    "versionInfo" : "3.4.2",
    "primaryPackagePurpose" : "LIBRARY",
    "downloadLocation" : "NOASSERTION",
    "supplier" : "Organization: NOASSERTION",
    "licenseConcluded" : "Zlib"
  }, {
    "SPDXID" : "SPDXRef-wiseconnect3_sdk-3.4.2-systemlevel_ulpss_clk",
    "name" : "ULPSS CLOCK",
    "versionInfo" : "3.4.2",
    "primaryPackagePurpose" : "LIBRARY",
    "downloadLocation" : "NOASSERTION",
    "supplier" : "Organization: NOASSERTION",
    "licenseConcluded" : "Zlib"
  }, {
    "SPDXID" : "SPDXRef-wiseconnect3_sdk-3.4.2-rsilib_adc",
    "name" : "ADC",
    "versionInfo" : "3.4.2",
    "primaryPackagePurpose" : "LIBRARY",
    "downloadLocation" : "NOASSERTION",
    "supplier" : "Organization: NOASSERTION",
    "licenseConcluded" : "Zlib"
  }, {
    "SPDXID" : "SPDXRef-wiseconnect3_sdk-3.4.2-romdriver_romtable",
    "name" : "ROM TABLE",
    "versionInfo" : "3.4.2",
    "primaryPackagePurpose" : "LIBRARY",
    "downloadLocation" : "NOASSERTION",
    "supplier" : "Organization: NOASSERTION",
    "licenseConcluded" : "Zlib"
  }, {
    "SPDXID" : "SPDXRef-wiseconnect3_sdk-3.4.2-systemlevel_reg_spi",
    "name" : "REG SPI",
    "versionInfo" : "3.4.2",
    "primaryPackagePurpose" : "LIBRARY",
    "downloadLocation" : "NOASSERTION",
    "supplier" : "Organization: NOASSERTION",
    "licenseConcluded" : "Zlib"
  }, {
    "SPDXID" : "SPDXRef-wiseconnect3_sdk-3.4.2-romdriver_romtable_headers",
    "name" : "ROM Table Header",
    "versionInfo" : "3.4.2",
    "primaryPackagePurpose" : "LIBRARY",
    "downloadLocation" : "NOASSERTION",
    "supplier" : "Organization: NOASSERTION",
    "licenseConcluded" : "Zlib"
  }, {
    "SPDXID" : "SPDXRef-wiseconnect3_sdk-3.4.2-romdriver_crc",
    "name" : "ROM DRIVER CRC",
    "versionInfo" : "3.4.2",
    "primaryPackagePurpose" : "LIBRARY",
    "downloadLocation" : "NOASSERTION",
    "supplier" : "Organization: NOASSERTION",
    "licenseConcluded" : "Zlib"
  }, {
    "SPDXID" : "SPDXRef-wiseconnect3_sdk-3.4.2-rsilib_headers",
    "name" : "RSI Peripheral Headers",
    "versionInfo" : "3.4.2",
    "primaryPackagePurpose" : "LIBRARY",
    "downloadLocation" : "NOASSERTION",
    "supplier" : "Organization: NOASSERTION",
    "licenseConcluded" : "Zlib"
  }, {
    "SPDXID" : "SPDXRef-wiseconnect3_sdk-3.4.2-external_flash_none",
    "name" : "No External Flash",
    "versionInfo" : "3.4.2",
    "primaryPackagePurpose" : "LIBRARY",
    "downloadLocation" : "NOASSERTION",
    "supplier" : "Organization: NOASSERTION",
    "licenseConcluded" : "Zlib"
  }, {
    "SPDXID" : "SPDXRef-wiseconnect3_sdk-3.4.2-sl_dma",
    "name" : "DMA",
    "versionInfo" : "3.4.2",
    "primaryPackagePurpose" : "LIBRARY",
    "downloadLocation" : "NOASSERTION",
    "supplier" : "Organization: NOASSERTION",
    "licenseConcluded" : "Zlib"
  }, {
    "SPDXID" : "SPDXRef-wiseconnect3_sdk-3.4.2-si91x_mem_config_1",
    "name" : "MEMORY_MCU_BASIC_WIRELESS_ADVANCED",
    "versionInfo" : "3.4.2",
    "primaryPackagePurpose" : "LIBRARY",
    "downloadLocation" : "NOASSERTION",
    "supplier" : "Organization: NOASSERTION",
    "licenseConcluded" : "Zlib"
  }, {
    "SPDXID" : "SPDXRef-wiseconnect3_sdk-3.4.2-rsilib_userconfig",
    "name" : "RSI User Configuration",
    "versionInfo" : "3.4.2",
    "primaryPackagePurpose" : "LIBRARY",
    "downloadLocation" : "NOASSERTION",
    "supplier" : "Organization: NOASSERTION",
    "licenseConcluded" : "MSLA"
  }, {
    "SPDXID" : "SPDXRef-wiseconnect3_sdk-3.4.2-cmsis_spi",
    "name" : "CMSIS SPI",
    "versionInfo" : "3.4.2",
    "primaryPackagePurpose" : "LIBRARY",
    "downloadLocation" : "NOASSERTION",
    "supplier" : "Organization: NOASSERTION",
    "licenseConcluded" : "Apache-2.0"
  }, {
    "SPDXID" : "SPDXRef-wiseconnect3_sdk-3.4.2-sl_bjt_temperature_sensor",
    "name" : "BJT Temperature Sensor",
    "versionInfo" : "3.4.2",
    "primaryPackagePurpose" : "LIBRARY",
    "downloadLocation" : "NOASSERTION",
    "supplier" : "Organization: NOASSERTION",
    "licenseConcluded" : "Zlib"
  }, {
    "SPDXID" : "SPDXRef-wiseconnect3_sdk-3.4.2-cmsis_peripheral_headers",
    "name" : "CMSIS Peripheral Header Files",
    "versionInfo" : "3.4.2",
    "primaryPackagePurpose" : "LIBRARY",
    "downloadLocation" : "NOASSERTION",
    "supplier" : "Organization: NOASSERTION",
    "licenseConcluded" : "MSLA AND Apache-2.0"
  }, {
    "SPDXID" : "SPDXRef-wiseconnect3_sdk-3.4.2-sl_gpio",
    "name" : "GPIO",
    "versionInfo" : "3.4.2",
    "primaryPackagePurpose" : "LIBRARY",
    "downloadLocation" : "NOASSERTION",
    "supplier" : "Organization: NOASSERTION",
    "licenseConcluded" : "Zlib"
  }, {
    "SPDXID" : "SPDXRef-wiseconnect3_sdk-3.4.2-systemlevel_rtc",
    "name" : "RTC",
    "versionInfo" : "3.4.2",
    "primaryPackagePurpose" : "LIBRARY",
    "downloadLocation" : "NOASSERTION",
    "supplier" : "Organization: NOASSERTION",
    "licenseConcluded" : "Zlib"
  }, {
    "SPDXID" : "SPDXRef-wiseconnect3_sdk-3.4.2-systemlevel_ipmu",
    "name" : "IPMU",
    "versionInfo" : "3.4.2",
    "primaryPackagePurpose" : "LIBRARY",
    "downloadLocation" : "NOASSERTION",
    "supplier" : "Organization: NOASSERTION",
    "licenseConcluded" : "Zlib"
  }, {
    "SPDXID" : "SPDXRef-wiseconnect3_sdk-3.4.2-udma_linker_config",
    "name" : "UDMA Linker Configuration",
    "versionInfo" : "3.4.2",
    "primaryPackagePurpose" : "LIBRARY",
    "downloadLocation" : "NOASSERTION",
    "supplier" : "Organization: NOASSERTION",
    "licenseConcluded" : "Zlib"
  }, {
    "SPDXID" : "SPDXRef-wiseconnect3_sdk-3.4.2-board_configuration_headers",
    "name" : "Board Configuration Header Files",
    "versionInfo" : "3.4.2",
    "primaryPackagePurpose" : "LIBRARY",
    "downloadLocation" : "NOASSERTION",
    "supplier" : "Organization: NOASSERTION",
    "licenseConcluded" : "Zlib"
  }, {
    "SPDXID" : "SPDXRef-wiseconnect3_sdk-3.4.2-sl_adc",
    "name" : "ADC",
    "versionInfo" : "3.4.2",
    "primaryPackagePurpose" : "LIBRARY",
    "downloadLocation" : "NOASSERTION",
    "supplier" : "Organization: NOASSERTION",
    "licenseConcluded" : "Zlib"
  }, {
    "SPDXID" : "SPDXRef-wiseconnect3_sdk-3.4.2-romdriver_egpio",
    "name" : "ROM DRIVER EGPIO",
    "versionInfo" : "3.4.2",
    "primaryPackagePurpose" : "LIBRARY",
    "downloadLocation" : "NOASSERTION",
    "supplier" : "Organization: NOASSERTION",
    "licenseConcluded" : "Zlib"
  }, {
    "SPDXID" : "SPDXRef-wiseconnect3_sdk-3.4.2-systemlevel_temp_sensor",
    "name" : "TEMPERATURE SENSOR",
    "versionInfo" : "3.4.2",
    "primaryPackagePurpose" : "LIBRARY",
    "downloadLocation" : "NOASSERTION",
    "supplier" : "Organization: NOASSERTION",
    "licenseConcluded" : "Zlib"
  }, {
    "SPDXID" : "SPDXRef-wiseconnect3_sdk-3.4.2-si91x_device_init_nvic",
    "name" : "NVIC Interrupt Priorities Configuration for FreeRTOS",
    "versionInfo" : "3.4.2",
    "primaryPackagePurpose" : "LIBRARY",
    "downloadLocation" : "NOASSERTION",
    "supplier" : "Organization: NOASSERTION",
    "licenseConcluded" : "MSLA"
  }, {
    "SPDXID" : "SPDXRef-wiseconnect3_sdk-3.4.2-systemlevel_pll",
    "name" : "PLL",
    "versionInfo" : "3.4.2",
    "primaryPackagePurpose" : "LIBRARY",
    "downloadLocation" : "NOASSERTION",
    "supplier" : "Organization: NOASSERTION",
    "licenseConcluded" : "Zlib"
  }, {
    "SPDXID" : "SPDXRef-wiseconnect3_sdk-3.4.2-rsilib_board",
    "name" : "Si91x SoC Board Configurations",
    "versionInfo" : "3.4.2",
    "primaryPackagePurpose" : "LIBRARY",
    "downloadLocation" : "NOASSERTION",
    "supplier" : "Organization: NOASSERTION",
    "licenseConcluded" : "MSLA AND Zlib"
  }, {
    "SPDXID" : "SPDXRef-wiseconnect3_sdk-3.4.2-brd2605a_config",
    "name" : "brd2605a config",
    "versionInfo" : "3.4.2",
    "primaryPackagePurpose" : "LIBRARY",
    "downloadLocation" : "NOASSERTION",
    "supplier" : "Organization: NOASSERTION",
    "licenseConcluded" : "Zlib"
  }, {
    "SPDXID" : "SPDXRef-wiseconnect3_sdk-3.4.2-rsilib_clock_update",
    "name" : "CLOCK UPDATE",
    "versionInfo" : "3.4.2",
    "primaryPackagePurpose" : "LIBRARY",
    "downloadLocation" : "NOASSERTION",
    "supplier" : "Organization: NOASSERTION",
    "licenseConcluded" : "Zlib"
  }, {
    "SPDXID" : "SPDXRef-wiseconnect3_sdk-3.4.2-si91x_debug",
    "name" : "Debug Unit",
    "versionInfo" : "3.4.2",
    "primaryPackagePurpose" : "LIBRARY",
    "downloadLocation" : "NOASSERTION",
    "supplier" : "Organization: NOASSERTION",
    "licenseConcluded" : "Zlib"
  }, {
    "SPDXID" : "SPDXRef-wiseconnect3_sdk-3.4.2-si91x_common_flash",
    "name" : "Common Flash Component",
    "versionInfo" : "3.4.2",
    "primaryPackagePurpose" : "LIBRARY",
    "downloadLocation" : "NOASSERTION",
    "supplier" : "Organization: NOASSERTION",
    "licenseConcluded" : "Zlib"
  }, {
    "SPDXID" : "SPDXRef-wiseconnect3_sdk-3.4.2-rsilib_chip",
    "name" : "Core",
    "versionInfo" : "3.4.2",
    "primaryPackagePurpose" : "LIBRARY",
    "downloadLocation" : "NOASSERTION",
    "supplier" : "Organization: NOASSERTION",
    "licenseConcluded" : "Zlib"
  }, {
    "SPDXID" : "SPDXRef-wiseconnect3_sdk-3.4.2-rsilib_sysrtc",
    "name" : "SYSRTC",
    "versionInfo" : "3.4.2",
    "primaryPackagePurpose" : "LIBRARY",
    "downloadLocation" : "NOASSERTION",
    "supplier" : "Organization: NOASSERTION",
    "licenseConcluded" : "Zlib"
  }, {
    "SPDXID" : "SPDXRef-wiseconnect3_sdk-3.4.2-rsilib_udma_wrapper",
    "name" : "UDMA WRAPPER",
    "versionInfo" : "3.4.2",
    "primaryPackagePurpose" : "LIBRARY",
    "downloadLocation" : "NOASSERTION",
    "supplier" : "Organization: NOASSERTION",
    "licenseConcluded" : "Zlib"
  }, {
    "SPDXID" : "SPDXRef-wiseconnect3_sdk-3.4.2-si91x_stack_size_configuration",
    "name" : "SiW91x Stack Size Configuration",
    "versionInfo" : "3.4.2",
    "primaryPackagePurpose" : "LIBRARY",
    "downloadLocation" : "NOASSERTION",
    "supplier" : "Organization: NOASSERTION",
    "licenseConcluded" : "Zlib"
  }, {
    "SPDXID" : "SPDXRef-wiseconnect3_sdk-3.4.2-cmsis_usart_driver",
    "name" : "CMSIS USART DRIVER",
    "versionInfo" : "3.4.2",
    "primaryPackagePurpose" : "LIBRARY",
    "downloadLocation" : "NOASSERTION",
    "supplier" : "Organization: NOASSERTION",
    "licenseConcluded" : "Zlib"
  }, {
    "SPDXID" : "SPDXRef-wiseconnect3_sdk-3.4.2-sleeptimer_si91x",
    "name" : "Sleep Timer for Si91x",
    "versionInfo" : "3.4.2",
    "primaryPackagePurpose" : "LIBRARY",
    "downloadLocation" : "NOASSERTION",
    "supplier" : "Organization: NOASSERTION",
    "licenseConcluded" : "Zlib"
  }, {
    "SPDXID" : "SPDXRef-wiseconnect3_sdk-3.4.2-romdriver_ulpss",
    "name" : "ROM DRIVER ULPSS",
    "versionInfo" : "3.4.2",
    "primaryPackagePurpose" : "LIBRARY",
    "downloadLocation" : "NOASSERTION",
    "supplier" : "Organization: NOASSERTION",
    "licenseConcluded" : "Zlib"
  }, {
    "SPDXID" : "SPDXRef-wiseconnect3_sdk-3.4.2-rsilib_crc",
    "name" : "CRC",
    "versionInfo" : "3.4.2",
    "primaryPackagePurpose" : "LIBRARY",
    "downloadLocation" : "NOASSERTION",
    "supplier" : "Organization: NOASSERTION",
    "licenseConcluded" : "Zlib"
  }, {
    "SPDXID" : "SPDXRef-simplicity_sdk-2024.12.2",
    "name" : "Simplicity SDK Suite",
    "versionInfo" : "2024.12.2",
    "primaryPackagePurpose" : "LIBRARY",
    "downloadLocation" : "NOASSERTION",
    "supplier" : "Organization: Silicon Laboratories, Inc."
  }, {
    "SPDXID" : "SPDXRef-simplicity_sdk-2024.12.2-sl_system",
    "name" : "System Setup",
    "versionInfo" : "2024.12.2",
    "primaryPackagePurpose" : "LIBRARY",
    "downloadLocation" : "NOASSERTION",
    "supplier" : "Organization: Silicon Laboratories, Inc.",
    "licenseConcluded" : "Zlib"
  }, {
    "SPDXID" : "SPDXRef-simplicity_sdk-2024.12.2-sleeptimer",
    "name" : "Sleep Timer",
    "versionInfo" : "2024.12.2",
    "primaryPackagePurpose" : "LIBRARY",
    "downloadLocation" : "NOASSERTION",
    "supplier" : "Organization: Silicon Laboratories, Inc.",
    "licenseConcluded" : "Zlib"
  }, {
    "SPDXID" : "SPDXRef-simplicity_sdk-2024.12.2-event_handler",
    "name" : "Event Handler",
    "versionInfo" : "2024.12.2",
    "primaryPackagePurpose" : "LIBRARY",
    "downloadLocation" : "NOASSERTION",
    "supplier" : "Organization: Silicon Laboratories, Inc.",
    "licenseConcluded" : "Zlib"
  }, {
    "SPDXID" : "SPDXRef-simplicity_sdk-2024.12.2-atomic",
    "name" : "Atomic Operations Library",
    "versionInfo" : "2024.12.2",
    "primaryPackagePurpose" : "LIBRARY",
    "downloadLocation" : "NOASSERTION",
    "supplier" : "Organization: Silicon Laboratories, Inc.",
    "licenseConcluded" : "Zlib"
  }, {
    "SPDXID" : "SPDXRef-simplicity_sdk-2024.12.2-code_classification",
    "name" : "Code Classification",
    "versionInfo" : "2024.12.2",
    "primaryPackagePurpose" : "LIBRARY",
    "downloadLocation" : "NOASSERTION",
    "supplier" : "Organization: Silicon Laboratories, Inc.",
    "licenseConcluded" : "Zlib"
  }, {
    "SPDXID" : "SPDXRef-simplicity_sdk-2024.12.2-status",
    "name" : "Status Codes Definitions",
    "versionInfo" : "2024.12.2",
    "primaryPackagePurpose" : "LIBRARY",
    "downloadLocation" : "NOASSERTION",
    "supplier" : "Organization: Silicon Laboratories, Inc.",
    "licenseConcluded" : "Zlib"
  }, {
    "SPDXID" : "SPDXRef-simplicity_sdk-2024.12.2-sl_system_process_action",
    "name" : "System Process Action",
    "versionInfo" : "2024.12.2",
    "primaryPackagePurpose" : "LIBRARY",
    "downloadLocation" : "NOASSERTION",
    "supplier" : "Organization: Silicon Laboratories, Inc.",
    "licenseConcluded" : "Zlib"
  }, {
    "SPDXID" : "SPDXRef-simplicity_sdk-2024.12.2-toolchain_variant_arm",
    "name" : "Toolchain for ARM",
    "versionInfo" : "2024.12.2",
    "primaryPackagePurpose" : "LIBRARY",
    "downloadLocation" : "NOASSERTION",
    "supplier" : "Organization: Silicon Laboratories, Inc.",
    "licenseConcluded" : "Zlib"
  }, {
    "SPDXID" : "SPDXRef-simplicity_sdk-2024.12.2-sl_assert",
    "name" : "Assert Functions",
    "versionInfo" : "2024.12.2",
    "primaryPackagePurpose" : "LIBRARY",
    "downloadLocation" : "NOASSERTION",
    "supplier" : "Organization: Silicon Laboratories, Inc.",
    "licenseConcluded" : "Zlib"
  }, {
    "SPDXID" : "SPDXRef-simplicity_sdk-2024.12.2-component_catalog",
    "name" : "Component Catalog",
    "versionInfo" : "2024.12.2",
    "primaryPackagePurpose" : "LIBRARY",
    "downloadLocation" : "NOASSERTION",
    "supplier" : "Organization: Silicon Laboratories, Inc.",
    "licenseConcluded" : "Zlib"
  }, {
    "SPDXID" : "SPDXRef-simplicity_sdk-2024.12.2-sl_core",
    "name" : "core",
    "versionInfo" : "2024.12.2",
    "primaryPackagePurpose" : "LIBRARY",
    "downloadLocation" : "NOASSERTION",
    "supplier" : "Organization: Silicon Laboratories, Inc.",
    "licenseConcluded" : "Zlib"
  }, {
    "SPDXID" : "SPDXRef-simplicity_sdk-2024.12.2-cmsis_core",
    "name" : "CMSIS-Core",
    "versionInfo" : "2024.12.2",
    "primaryPackagePurpose" : "LIBRARY",
    "downloadLocation" : "NOASSERTION",
    "supplier" : "Organization: Silicon Laboratories, Inc.",
    "licenseConcluded" : "Apache 2.0"
  }, {
    "SPDXID" : "SPDXRef-cmsis_core-5.8.0",
    "name" : "CMSIS_5",
    "versionInfo" : "5.8.0",
    "primaryPackagePurpose" : "LIBRARY",
    "downloadLocation" : "NOASSERTION",
    "supplier" : "Organization: ARM-software",
    "originator" : "Organization: NOASSERTION",
    "homepage" : "https://github.com/ARM-software/CMSIS_5",
    "externalRefs" : [ {
      "referenceCategory" : "PACKAGE-MANAGER",
      "referenceLocator" : "pkg:github/ARM-software/CMSIS_5@5.8.0",
      "referenceType" : "purl"
    } ],
    "comment" : "The CMSIS is a set of tools, APIs, frameworks, and work flows"
  }, {
    "SPDXID" : "SPDXRef-simplicity_sdk-2024.12.2-sl_system_init",
    "name" : "System Init",
    "versionInfo" : "2024.12.2",
    "primaryPackagePurpose" : "LIBRARY",
    "downloadLocation" : "NOASSERTION",
    "supplier" : "Organization: Silicon Laboratories, Inc.",
    "licenseConcluded" : "Zlib"
  }, {
    "SPDXID" : "SPDXRef-simplicity_sdk-2024.12.2-sl_common",
    "name" : "Common Functions",
    "versionInfo" : "2024.12.2",
    "primaryPackagePurpose" : "LIBRARY",
    "downloadLocation" : "NOASSERTION",
    "supplier" : "Organization: Silicon Laboratories, Inc.",
    "licenseConcluded" : "Zlib"
  } ],
  "relationships" : [ {
    "spdxElementId" : "SPDXRef-DOCUMENT",
    "relatedSpdxElement" : "SPDXRef-wiseconnect3_sdk-3.4.2",
    "relationshipType" : "DESCRIBES"
  }, {
    "spdxElementId" : "SPDXRef-DOCUMENT",
    "relatedSpdxElement" : "SPDXRef-simplicity_sdk-2024.12.2",
    "relationshipType" : "DESCRIBES"
  }, {
    "spdxElementId" : "SPDXRef-wiseconnect3_sdk-3.4.2",
    "relatedSpdxElement" : "SPDXRef-wiseconnect3_sdk-3.4.2-SIWG917M111MGTBA",
    "relationshipType" : "CONTAINS"
  }, {
    "spdxElementId" : "SPDXRef-wiseconnect3_sdk-3.4.2",
    "relatedSpdxElement" : "SPDXRef-wiseconnect3_sdk-3.4.2-brd2605a",
    "relationshipType" : "CONTAINS"
  }, {
    "spdxElementId" : "SPDXRef-wiseconnect3_sdk-3.4.2",
    "relatedSpdxElement" : "SPDXRef-wiseconnect3_sdk-3.4.2-si91x_memory_default_config",
    "relationshipType" : "CONTAINS"
  }, {
    "spdxElementId" : "SPDXRef-wiseconnect3_sdk-3.4.2",
    "relatedSpdxElement" : "SPDXRef-wiseconnect3_sdk-3.4.2-sl_icm40627",
    "relationshipType" : "CONTAINS"
  }, {
    "spdxElementId" : "SPDXRef-wiseconnect3_sdk-3.4.2",
    "relatedSpdxElement" : "SPDXRef-wiseconnect3_sdk-3.4.2-sl_ssi",
    "relationshipType" : "CONTAINS"
  }, {
    "spdxElementId" : "SPDXRef-wiseconnect3_sdk-3.4.2",
    "relatedSpdxElement" : "SPDXRef-wiseconnect3_sdk-3.4.2-sl_ssi_instance",
    "relationshipType" : "CONTAINS"
  }, {
    "spdxElementId" : "SPDXRef-wiseconnect3_sdk-3.4.2",
    "relatedSpdxElement" : "SPDXRef-wiseconnect3_sdk-3.4.2-ssi_ulp_component",
    "relationshipType" : "CONTAINS"
  }, {
    "spdxElementId" : "SPDXRef-wiseconnect3_sdk-3.4.2",
    "relatedSpdxElement" : "SPDXRef-wiseconnect3_sdk-3.4.2-syscalls",
    "relationshipType" : "CONTAINS"
  }, {
    "spdxElementId" : "SPDXRef-wiseconnect3_sdk-3.4.2",
    "relatedSpdxElement" : "SPDXRef-wiseconnect3_sdk-3.4.2-rsilib_opamp",
    "relationshipType" : "CONTAINS"
  }, {
    "spdxElementId" : "SPDXRef-wiseconnect3_sdk-3.4.2",
    "relatedSpdxElement" : "SPDXRef-wiseconnect3_sdk-3.4.2-wiseconnect_toolchain_gcc_standard",
    "relationshipType" : "CONTAINS"
  }, {
    "spdxElementId" : "SPDXRef-wiseconnect3_sdk-3.4.2",
    "relatedSpdxElement" : "SPDXRef-wiseconnect3_sdk-3.4.2-rsilib_egpio",
    "relationshipType" : "CONTAINS"
  }, {
    "spdxElementId" : "SPDXRef-wiseconnect3_sdk-3.4.2",
    "relatedSpdxElement" : "SPDXRef-wiseconnect3_sdk-3.4.2-cmsis_usart",
    "relationshipType" : "CONTAINS"
  }, {
    "spdxElementId" : "SPDXRef-wiseconnect3_sdk-3.4.2",
    "relatedSpdxElement" : "SPDXRef-wiseconnect3_sdk-3.4.2-systemlevel_headers",
    "relationshipType" : "CONTAINS"
  }, {
    "spdxElementId" : "SPDXRef-wiseconnect3_sdk-3.4.2",
    "relatedSpdxElement" : "SPDXRef-wiseconnect3_sdk-3.4.2-rsilib_spi",
    "relationshipType" : "CONTAINS"
  }, {
    "spdxElementId" : "SPDXRef-wiseconnect3_sdk-3.4.2",
    "relatedSpdxElement" : "SPDXRef-wiseconnect3_sdk-3.4.2-cmsis_driver_headers",
    "relationshipType" : "CONTAINS"
  }, {
    "spdxElementId" : "SPDXRef-wiseconnect3_sdk-3.4.2",
    "relatedSpdxElement" : "SPDXRef-wiseconnect3_sdk-3.4.2-wiseconnect_toolchain_plugin",
    "relationshipType" : "CONTAINS"
  }, {
    "spdxElementId" : "SPDXRef-wiseconnect3_sdk-3.4.2",
    "relatedSpdxElement" : "SPDXRef-wiseconnect3_sdk-3.4.2-rsilib_aux_reference_volt_config",
    "relationshipType" : "CONTAINS"
  }, {
    "spdxElementId" : "SPDXRef-wiseconnect3_sdk-3.4.2",
    "relatedSpdxElement" : "SPDXRef-wiseconnect3_sdk-3.4.2-sl_si91x_mcu",
    "relationshipType" : "CONTAINS"
  }, {
    "spdxElementId" : "SPDXRef-wiseconnect3_sdk-3.4.2",
    "relatedSpdxElement" : "SPDXRef-wiseconnect3_sdk-3.4.2-systemlevel_time_period",
    "relationshipType" : "CONTAINS"
  }, {
    "spdxElementId" : "SPDXRef-wiseconnect3_sdk-3.4.2",
    "relatedSpdxElement" : "SPDXRef-wiseconnect3_sdk-3.4.2-external_psram_8mb",
    "relationshipType" : "CONTAINS"
  }, {
    "spdxElementId" : "SPDXRef-wiseconnect3_sdk-3.4.2",
    "relatedSpdxElement" : "SPDXRef-wiseconnect3_sdk-3.4.2-sl_clock_manager",
    "relationshipType" : "CONTAINS"
  }, {
    "spdxElementId" : "SPDXRef-wiseconnect3_sdk-3.4.2",
    "relatedSpdxElement" : "SPDXRef-wiseconnect3_sdk-3.4.2-rsilib_usart",
    "relationshipType" : "CONTAINS"
  }, {
    "spdxElementId" : "SPDXRef-wiseconnect3_sdk-3.4.2",
    "relatedSpdxElement" : "SPDXRef-wiseconnect3_sdk-3.4.2-romdriver_udma_wrapper",
    "relationshipType" : "CONTAINS"
  }, {
    "spdxElementId" : "SPDXRef-wiseconnect3_sdk-3.4.2",
    "relatedSpdxElement" : "SPDXRef-wiseconnect3_sdk-3.4.2-freertos_config",
    "relationshipType" : "CONTAINS"
  }, {
    "spdxElementId" : "SPDXRef-wiseconnect3_sdk-3.4.2",
    "relatedSpdxElement" : "SPDXRef-wiseconnect3_sdk-3.4.2-romdriver_packing",
    "relationshipType" : "CONTAINS"
  }, {
    "spdxElementId" : "SPDXRef-wiseconnect3_sdk-3.4.2",
    "relatedSpdxElement" : "SPDXRef-wiseconnect3_sdk-3.4.2-romdriver_clks",
    "relationshipType" : "CONTAINS"
  }, {
    "spdxElementId" : "SPDXRef-wiseconnect3_sdk-3.4.2",
    "relatedSpdxElement" : "SPDXRef-wiseconnect3_sdk-3.4.2-systemlevel_bod",
    "relationshipType" : "CONTAINS"
  }, {
    "spdxElementId" : "SPDXRef-wiseconnect3_sdk-3.4.2",
    "relatedSpdxElement" : "SPDXRef-wiseconnect3_sdk-3.4.2-cmsis_udma",
    "relationshipType" : "CONTAINS"
  }, {
    "spdxElementId" : "SPDXRef-wiseconnect3_sdk-3.4.2",
    "relatedSpdxElement" : "SPDXRef-wiseconnect3_sdk-3.4.2-cmsis_common_driver",
    "relationshipType" : "CONTAINS"
  }, {
    "spdxElementId" : "SPDXRef-wiseconnect3_sdk-3.4.2",
    "relatedSpdxElement" : "SPDXRef-wiseconnect3_sdk-3.4.2-rsilib_udma",
    "relationshipType" : "CONTAINS"
  }, {
    "spdxElementId" : "SPDXRef-wiseconnect3_sdk-3.4.2",
    "relatedSpdxElement" : "SPDXRef-wiseconnect3_sdk-3.4.2-sl_gpio_peripheral",
    "relationshipType" : "CONTAINS"
  }, {
    "spdxElementId" : "SPDXRef-wiseconnect3_sdk-3.4.2",
    "relatedSpdxElement" : "SPDXRef-wiseconnect3_sdk-3.4.2-romdriver_udma",
    "relationshipType" : "CONTAINS"
  }, {
    "spdxElementId" : "SPDXRef-wiseconnect3_sdk-3.4.2",
    "relatedSpdxElement" : "SPDXRef-wiseconnect3_sdk-3.4.2-rsilib_dac",
    "relationshipType" : "CONTAINS"
  }, {
    "spdxElementId" : "SPDXRef-wiseconnect3_sdk-3.4.2",
    "relatedSpdxElement" : "SPDXRef-wiseconnect3_sdk-3.4.2-opn_config",
    "relationshipType" : "CONTAINS"
  }, {
    "spdxElementId" : "SPDXRef-wiseconnect3_sdk-3.4.2",
    "relatedSpdxElement" : "SPDXRef-wiseconnect3_sdk-3.4.2-systemlevel_ulpss_clk",
    "relationshipType" : "CONTAINS"
  }, {
    "spdxElementId" : "SPDXRef-wiseconnect3_sdk-3.4.2",
    "relatedSpdxElement" : "SPDXRef-wiseconnect3_sdk-3.4.2-rsilib_adc",
    "relationshipType" : "CONTAINS"
  }, {
    "spdxElementId" : "SPDXRef-wiseconnect3_sdk-3.4.2",
    "relatedSpdxElement" : "SPDXRef-wiseconnect3_sdk-3.4.2-romdriver_romtable",
    "relationshipType" : "CONTAINS"
  }, {
    "spdxElementId" : "SPDXRef-wiseconnect3_sdk-3.4.2",
    "relatedSpdxElement" : "SPDXRef-wiseconnect3_sdk-3.4.2-systemlevel_reg_spi",
    "relationshipType" : "CONTAINS"
  }, {
    "spdxElementId" : "SPDXRef-wiseconnect3_sdk-3.4.2",
    "relatedSpdxElement" : "SPDXRef-wiseconnect3_sdk-3.4.2-romdriver_romtable_headers",
    "relationshipType" : "CONTAINS"
  }, {
    "spdxElementId" : "SPDXRef-wiseconnect3_sdk-3.4.2",
    "relatedSpdxElement" : "SPDXRef-wiseconnect3_sdk-3.4.2-romdriver_crc",
    "relationshipType" : "CONTAINS"
  }, {
    "spdxElementId" : "SPDXRef-wiseconnect3_sdk-3.4.2",
    "relatedSpdxElement" : "SPDXRef-wiseconnect3_sdk-3.4.2-rsilib_headers",
    "relationshipType" : "CONTAINS"
  }, {
    "spdxElementId" : "SPDXRef-wiseconnect3_sdk-3.4.2",
    "relatedSpdxElement" : "SPDXRef-wiseconnect3_sdk-3.4.2-external_flash_none",
    "relationshipType" : "CONTAINS"
  }, {
    "spdxElementId" : "SPDXRef-wiseconnect3_sdk-3.4.2",
    "relatedSpdxElement" : "SPDXRef-wiseconnect3_sdk-3.4.2-sl_dma",
    "relationshipType" : "CONTAINS"
  }, {
    "spdxElementId" : "SPDXRef-wiseconnect3_sdk-3.4.2",
    "relatedSpdxElement" : "SPDXRef-wiseconnect3_sdk-3.4.2-si91x_mem_config_1",
    "relationshipType" : "CONTAINS"
  }, {
    "spdxElementId" : "SPDXRef-wiseconnect3_sdk-3.4.2",
    "relatedSpdxElement" : "SPDXRef-wiseconnect3_sdk-3.4.2-rsilib_userconfig",
    "relationshipType" : "CONTAINS"
  }, {
    "spdxElementId" : "SPDXRef-wiseconnect3_sdk-3.4.2",
    "relatedSpdxElement" : "SPDXRef-wiseconnect3_sdk-3.4.2-cmsis_spi",
    "relationshipType" : "CONTAINS"
  }, {
    "spdxElementId" : "SPDXRef-wiseconnect3_sdk-3.4.2",
    "relatedSpdxElement" : "SPDXRef-wiseconnect3_sdk-3.4.2-sl_bjt_temperature_sensor",
    "relationshipType" : "CONTAINS"
  }, {
    "spdxElementId" : "SPDXRef-wiseconnect3_sdk-3.4.2",
    "relatedSpdxElement" : "SPDXRef-wiseconnect3_sdk-3.4.2-cmsis_peripheral_headers",
    "relationshipType" : "CONTAINS"
  }, {
    "spdxElementId" : "SPDXRef-wiseconnect3_sdk-3.4.2",
    "relatedSpdxElement" : "SPDXRef-wiseconnect3_sdk-3.4.2-sl_gpio",
    "relationshipType" : "CONTAINS"
  }, {
    "spdxElementId" : "SPDXRef-wiseconnect3_sdk-3.4.2",
    "relatedSpdxElement" : "SPDXRef-wiseconnect3_sdk-3.4.2-systemlevel_rtc",
    "relationshipType" : "CONTAINS"
  }, {
    "spdxElementId" : "SPDXRef-wiseconnect3_sdk-3.4.2",
    "relatedSpdxElement" : "SPDXRef-wiseconnect3_sdk-3.4.2-systemlevel_ipmu",
    "relationshipType" : "CONTAINS"
  }, {
    "spdxElementId" : "SPDXRef-wiseconnect3_sdk-3.4.2",
    "relatedSpdxElement" : "SPDXRef-wiseconnect3_sdk-3.4.2-udma_linker_config",
    "relationshipType" : "CONTAINS"
  }, {
    "spdxElementId" : "SPDXRef-wiseconnect3_sdk-3.4.2",
    "relatedSpdxElement" : "SPDXRef-wiseconnect3_sdk-3.4.2-board_configuration_headers",
    "relationshipType" : "CONTAINS"
  }, {
    "spdxElementId" : "SPDXRef-wiseconnect3_sdk-3.4.2",
    "relatedSpdxElement" : "SPDXRef-wiseconnect3_sdk-3.4.2-sl_adc",
    "relationshipType" : "CONTAINS"
  }, {
    "spdxElementId" : "SPDXRef-wiseconnect3_sdk-3.4.2",
    "relatedSpdxElement" : "SPDXRef-wiseconnect3_sdk-3.4.2-romdriver_egpio",
    "relationshipType" : "CONTAINS"
  }, {
    "spdxElementId" : "SPDXRef-wiseconnect3_sdk-3.4.2",
    "relatedSpdxElement" : "SPDXRef-wiseconnect3_sdk-3.4.2-systemlevel_temp_sensor",
    "relationshipType" : "CONTAINS"
  }, {
    "spdxElementId" : "SPDXRef-wiseconnect3_sdk-3.4.2",
    "relatedSpdxElement" : "SPDXRef-wiseconnect3_sdk-3.4.2-si91x_device_init_nvic",
    "relationshipType" : "CONTAINS"
  }, {
    "spdxElementId" : "SPDXRef-wiseconnect3_sdk-3.4.2",
    "relatedSpdxElement" : "SPDXRef-wiseconnect3_sdk-3.4.2-systemlevel_pll",
    "relationshipType" : "CONTAINS"
  }, {
    "spdxElementId" : "SPDXRef-wiseconnect3_sdk-3.4.2",
    "relatedSpdxElement" : "SPDXRef-wiseconnect3_sdk-3.4.2-rsilib_board",
    "relationshipType" : "CONTAINS"
  }, {
    "spdxElementId" : "SPDXRef-wiseconnect3_sdk-3.4.2",
    "relatedSpdxElement" : "SPDXRef-wiseconnect3_sdk-3.4.2-brd2605a_config",
    "relationshipType" : "CONTAINS"
  }, {
    "spdxElementId" : "SPDXRef-wiseconnect3_sdk-3.4.2",
    "relatedSpdxElement" : "SPDXRef-wiseconnect3_sdk-3.4.2-rsilib_clock_update",
    "relationshipType" : "CONTAINS"
  }, {
    "spdxElementId" : "SPDXRef-wiseconnect3_sdk-3.4.2",
    "relatedSpdxElement" : "SPDXRef-wiseconnect3_sdk-3.4.2-si91x_debug",
    "relationshipType" : "CONTAINS"
  }, {
    "spdxElementId" : "SPDXRef-wiseconnect3_sdk-3.4.2",
    "relatedSpdxElement" : "SPDXRef-wiseconnect3_sdk-3.4.2-si91x_common_flash",
    "relationshipType" : "CONTAINS"
  }, {
    "spdxElementId" : "SPDXRef-wiseconnect3_sdk-3.4.2",
    "relatedSpdxElement" : "SPDXRef-wiseconnect3_sdk-3.4.2-rsilib_chip",
    "relationshipType" : "CONTAINS"
  }, {
    "spdxElementId" : "SPDXRef-wiseconnect3_sdk-3.4.2",
    "relatedSpdxElement" : "SPDXRef-wiseconnect3_sdk-3.4.2-rsilib_sysrtc",
    "relationshipType" : "CONTAINS"
  }, {
    "spdxElementId" : "SPDXRef-wiseconnect3_sdk-3.4.2",
    "relatedSpdxElement" : "SPDXRef-wiseconnect3_sdk-3.4.2-rsilib_udma_wrapper",
    "relationshipType" : "CONTAINS"
  }, {
    "spdxElementId" : "SPDXRef-wiseconnect3_sdk-3.4.2",
    "relatedSpdxElement" : "SPDXRef-wiseconnect3_sdk-3.4.2-si91x_stack_size_configuration",
    "relationshipType" : "CONTAINS"
  }, {
    "spdxElementId" : "SPDXRef-wiseconnect3_sdk-3.4.2",
    "relatedSpdxElement" : "SPDXRef-wiseconnect3_sdk-3.4.2-cmsis_usart_driver",
    "relationshipType" : "CONTAINS"
  }, {
    "spdxElementId" : "SPDXRef-wiseconnect3_sdk-3.4.2",
    "relatedSpdxElement" : "SPDXRef-wiseconnect3_sdk-3.4.2-sleeptimer_si91x",
    "relationshipType" : "CONTAINS"
  }, {
    "spdxElementId" : "SPDXRef-wiseconnect3_sdk-3.4.2",
    "relatedSpdxElement" : "SPDXRef-wiseconnect3_sdk-3.4.2-romdriver_ulpss",
    "relationshipType" : "CONTAINS"
  }, {
    "spdxElementId" : "SPDXRef-wiseconnect3_sdk-3.4.2",
    "relatedSpdxElement" : "SPDXRef-wiseconnect3_sdk-3.4.2-rsilib_crc",
    "relationshipType" : "CONTAINS"
  }, {
    "spdxElementId" : "SPDXRef-simplicity_sdk-2024.12.2",
    "relatedSpdxElement" : "SPDXRef-simplicity_sdk-2024.12.2-sl_system",
    "relationshipType" : "CONTAINS"
  }, {
    "spdxElementId" : "SPDXRef-simplicity_sdk-2024.12.2",
    "relatedSpdxElement" : "SPDXRef-simplicity_sdk-2024.12.2-sleeptimer",
    "relationshipType" : "CONTAINS"
  }, {
    "spdxElementId" : "SPDXRef-simplicity_sdk-2024.12.2",
    "relatedSpdxElement" : "SPDXRef-simplicity_sdk-2024.12.2-event_handler",
    "relationshipType" : "CONTAINS"
  }, {
    "spdxElementId" : "SPDXRef-simplicity_sdk-2024.12.2",
    "relatedSpdxElement" : "SPDXRef-simplicity_sdk-2024.12.2-atomic",
    "relationshipType" : "CONTAINS"
  }, {
    "spdxElementId" : "SPDXRef-simplicity_sdk-2024.12.2",
    "relatedSpdxElement" : "SPDXRef-simplicity_sdk-2024.12.2-code_classification",
    "relationshipType" : "CONTAINS"
  }, {
    "spdxElementId" : "SPDXRef-simplicity_sdk-2024.12.2",
    "relatedSpdxElement" : "SPDXRef-simplicity_sdk-2024.12.2-status",
    "relationshipType" : "CONTAINS"
  }, {
    "spdxElementId" : "SPDXRef-simplicity_sdk-2024.12.2",
    "relatedSpdxElement" : "SPDXRef-simplicity_sdk-2024.12.2-sl_system_process_action",
    "relationshipType" : "CONTAINS"
  }, {
    "spdxElementId" : "SPDXRef-simplicity_sdk-2024.12.2",
    "relatedSpdxElement" : "SPDXRef-simplicity_sdk-2024.12.2-toolchain_variant_arm",
    "relationshipType" : "CONTAINS"
  }, {
    "spdxElementId" : "SPDXRef-simplicity_sdk-2024.12.2",
    "relatedSpdxElement" : "SPDXRef-simplicity_sdk-2024.12.2-sl_assert",
    "relationshipType" : "CONTAINS"
  }, {
    "spdxElementId" : "SPDXRef-simplicity_sdk-2024.12.2",
    "relatedSpdxElement" : "SPDXRef-simplicity_sdk-2024.12.2-component_catalog",
    "relationshipType" : "CONTAINS"
  }, {
    "spdxElementId" : "SPDXRef-simplicity_sdk-2024.12.2",
    "relatedSpdxElement" : "SPDXRef-simplicity_sdk-2024.12.2-sl_core",
    "relationshipType" : "CONTAINS"
  }, {
    "spdxElementId" : "SPDXRef-simplicity_sdk-2024.12.2",
    "relatedSpdxElement" : "SPDXRef-simplicity_sdk-2024.12.2-cmsis_core",
    "relationshipType" : "CONTAINS"
  }, {
    "spdxElementId" : "SPDXRef-simplicity_sdk-2024.12.2-cmsis_core",
    "relatedSpdxElement" : "SPDXRef-cmsis_core-5.8.0",
    "relationshipType" : "ANCESTOR_OF"
  }, {
    "spdxElementId" : "SPDXRef-simplicity_sdk-2024.12.2",
    "relatedSpdxElement" : "SPDXRef-simplicity_sdk-2024.12.2-sl_system_init",
    "relationshipType" : "CONTAINS"
  }, {
    "spdxElementId" : "SPDXRef-simplicity_sdk-2024.12.2",
    "relatedSpdxElement" : "SPDXRef-simplicity_sdk-2024.12.2-sl_common",
    "relationshipType" : "CONTAINS"
  } ]
}